# production panic-capable sites per crate, from scripts/ci/panic-site-census.py
# crate<TAB>unwrap<TAB>expect<TAB>panic<TAB>unsafe  -- see the script for the definition
chaos-engine	5	9	0	1
fuzz	0	0	0	0
ptyctl	6	0	1	0
ptyctl-cli	0	0	0	0
xai-acp-lib	0	1	0	2
xai-agent-lifecycle	0	0	0	0
xai-chat-state	0	1	4	0
xai-circuit-breaker	0	1	0	0
xai-codebase-graph	4	7	2	1
xai-compaction-transcript	3	0	1	0
xai-computer-hub-core	0	0	0	0
xai-computer-hub-mcp-adapter	0	4	0	0
xai-computer-hub-sdk	1	45	1	0
xai-crash-handler	0	0	0	58
xai-dirs	0	0	0	0
xai-fast-worktree	8	0	2	52
xai-file-utils	0	3	0	0
xai-fsnotify	0	0	0	0
xai-fuzzy-file-search	4	2	0	1
xai-gix-status	0	0	0	1
xai-grok-active-sessions	0	0	0	3
xai-grok-agent	5	9	0	0
xai-grok-announcements	0	0	0	0
xai-grok-auth	0	0	0	0
xai-grok-bundle	3	0	0	0
xai-grok-compaction	0	0	4	0
xai-grok-config	0	0	1	4
xai-grok-config-types	0	0	1	0
xai-grok-dashboard-store	0	0	0	0
xai-grok-desktop	0	0	0	0
xai-grok-diag-server	0	0	0	0
xai-grok-env	0	0	0	5
xai-grok-extra-ca	0	1	0	0
xai-grok-foreign-sessions	0	0	0	21
xai-grok-gboom	0	0	0	0
xai-grok-hooks	0	1	0	0
xai-grok-http	0	5	0	0
xai-grok-markdown	1	2	0	1
xai-grok-markdown-core	0	0	0	0
xai-grok-mcp	2	4	0	3
xai-grok-memory	0	0	0	5
xai-grok-mermaid	0	1	0	1
xai-grok-models	0	1	0	0
xai-grok-pager	57	135	30	21
xai-grok-pager-bin	1	3	1	21
xai-grok-pager-diff	0	0	1	0
xai-grok-pager-minimal	1	0	0	0
xai-grok-pager-pty-harness	0	15	3	2
xai-grok-pager-render	8	8	4	27
xai-grok-paths	0	0	0	0
xai-grok-plugin-marketplace	0	0	0	0
xai-grok-sampler	0	0	1	0
xai-grok-sampling-types	0	2	1	0
xai-grok-sandbox	0	2	0	19
xai-grok-secrets	0	1	1	0
xai-grok-session-events	0	0	0	0
xai-grok-session-search	0	2	1	0
xai-grok-shared	0	8	0	17
xai-grok-shell	46	116	28	13
xai-grok-shell-base	0	0	0	13
xai-grok-shell-session-support	0	0	0	0
xai-grok-shell-terminal	9	3	0	0
xai-grok-signature	0	0	0	0
xai-grok-status-line	0	0	0	0
xai-grok-subagent-resolution	0	0	0	0
xai-grok-telemetry	0	10	0	0
xai-grok-test-support	56	40	22	7
xai-grok-tools	16	118	8	18
xai-grok-tools-api	1	0	0	0
xai-grok-update	0	0	0	1
xai-grok-version	0	0	0	0
xai-grok-voice	0	2	0	0
xai-grok-web	5	2	0	0
xai-grok-workspace	35	23	3	3
xai-grok-workspace-client	0	1	0	0
xai-grok-workspace-daemon	2	0	0	16
xai-grok-workspace-types	0	0	0	0
xai-hooks-plugins-types	0	0	0	0
xai-hunk-tracker	2	0	0	0
xai-interjection-core	0	0	0	0
xai-message-delivery-core	0	0	0	0
xai-mixpanel	0	0	0	0
xai-prompt-queue	0	0	0	0
xai-proto-build	0	0	0	0
xai-ratatui-inline	0	0	0	3
xai-ratatui-textarea	4	0	5	0
xai-sqlite-journal	0	0	0	6
xai-system-power	0	0	0	29
xai-test-utils	6	5	3	1
xai-token-estimation	0	0	0	0
xai-tool-protocol	0	0	0	0
xai-tool-runtime	7	1	0	0
xai-tool-types	1	1	0	0
xai-tracing	0	0	0	0
xai-tracing-macros	0	0	0	0
xai-tty-utils	1	0	1	52
xai-workflow	0	0	0	0
